{"best_sol": [[[[0, [10, 4, 3, 5]], [4, []], [3, []], [5, []], [8, [8]], [10, []]], [[0, [1]], [1, []], [7, [7, 2]], [2, []], [9, [9, 6]], [6, []]]], [[[7, [7, 2]]], [[8, [8]]], [[9, [9, 6]]]]], "best_fitness": 166.09975124224178, "T": 0, "weight": [0.32798670151166964, 0.2999999463129088, 0.10002097097024418, 0.10000419490873139]}
